FatorF;Kd;Ud;grav_residual190km_ght;grav_residual100km;mag_asvi;mag_gt;probability;prediction;longitude;latitude
0.088365436;0.49837723;0.4951968;0.0007263945;3.2532716;906.4294;0.45214856;0.00015582774;0;-49.81;-6.31
0.08354925;-0.9831497;-0.6950495;8.5958665e-05;-13.548951;63.89535;0.023870256;7.643602e-05;0;-51.66;-6.13
0.015140403;-3.563424;-0.6954636;0.00071608945;-1.8448452;50.0148;0.011086103;0.003286444;0;-49.84;-5.68
0.026404765;-3.653864;-0.21305203;0.00034683198;-2.6048543;158.04271;0.027934937;0.0002484536;0;-51.97;-6.21
0.16183227;0.39080518;0.35837072;0.0009345836;2.3488634;30.957476;0.014653923;0.00075848034;0;-51.55;-6.41
0.025708864;-0.25546348;-0.46981227;0.0021561685;-0.30775616;562.8233;0.1925941;4.4583776e-05;0;-49.9;-6.27
0.077661835;-0.6972926;0.2750803;0.00048663415;13.249381;213.34526;0.05800189;0.9803709;1;-51.48;-5.95
0.064034514;-0.7517624;-1.3450413;0.00044711752;-8.86654;63.236023;0.032679465;3.1684885e-05;0;-49.94;-6.47
0.17171575;-0.113685675;0.36184093;0.000727706;-2.6143887;157.91568;0.03514276;0.00054560706;0;-51.84;-6.27
0.057750393;-0.9562289;-0.72924054;0.0010551526;-1.7478769;200.75249;0.01576025;0.011156043;0;-51.9;-5.96
0.14848633;0.61457235;0.18459556;0.0006634851;-7.0438967;150.15633;0.054523833;0.00013628355;0;-49.73;-5.92
0.14721166;0.74979883;0.6466787;0.00026787893;4.9118843;162.22986;0.068995446;0.00027447037;0;-50.56;-6.26
0.2620739;0.62287253;0.1344488;0.0012764913;1.7120845;713.85034;0.19808929;0.00093158585;0;-49.66;-6.54
0.122530684;0.088797316;0.16102007;0.00071213394;-4.869529;272.47464;0.04176612;1.2406242e-05;0;-50.6;-6.49
0.22389528;0.27030474;-0.07430373;0.00027566793;1.6111342;46.800335;0.00881112;4.130348e-05;0;-50.85;-6.81
0.05255097;-0.44201127;-0.9950006;0.00031548977;1.1648487;44.06128;0.004214437;0.00018183753;0;-50.89;-6.88
0.01871889;-0.24453016;0.1577159;0.00043291046;-3.8768287;76.28165;0.0083096605;5.535219e-06;0;-50.06;-6.77
0.060071476;-1.105592;0.15309772;0.0012906084;7.956764;56.745556;0.019957501;0.78286946;0;-51.62;-5.98
0.17404976;0.41953;0.3924794;0.0011701365;1.9046344;51.88154;0.01523523;0.0025679497;0;-51.03;-6.8
0.10766491;0.548115;-0.22355013;3.7469104e-05;1.3708242;59.12541;0.012546022;4.381895e-05;0;-49.89;-6.73
0.041665643;-0.15773459;0.54656696;0.00040600737;6.109316;107.66309;0.04761056;3.419341e-05;0;-49.63;-5.67
0.19843028;-0.5975529;-0.11408023;0.00077481655;-2.277365;75.88275;0.023895942;0.7507433;0;-51.93;-6.48
0.11039565;-0.21126357;-0.34352437;0.00073650724;10.577183;380.3973;0.16740908;0.003654698;0;-51.72;-6.5
0.32976782;0.67111635;0.02602697;0.0006530598;-1.3011874;305.77652;0.05423318;0.002895299;0;-50.46;-6.57
0.21363729;0.38350138;-0.15980536;0.0010218165;0.69644856;155.46692;0.0038793222;2.2803215e-06;0;-52.37;-6.81
0.25626716;0.8604734;0.55194765;0.0002857156;-4.007277;91.5942;0.0077278134;4.203695e-05;0;-50.08;-6.8
0.30292097;-0.004558668;0.43604347;0.0016868092;-2.365492;218.85742;0.09053658;0.022100873;0;-51.85;-6.55
0.528584;0.9522235;0.26618597;0.0013955582;-6.151693;119.336784;0.00785722;0.00034261437;0;-49.65;-6.73
0.065639056;-0.51809067;0.2730808;0.0007898825;-0.18097372;240.35909;0.07423326;0.1346435;0;-51.75;-6.29
0.22891913;0.66756326;0.24966635;0.00073040964;-5.1484957;84.782555;0.032454353;5.075321e-05;0;-51.39;-6.38
0.24773763;0.7257847;0.096597575;0.0011903229;2.8001661;108.704;0.019442111;0.00016682544;0;-49.65;-6.66
0.031073868;-0.029210262;-0.0002575379;0.0017063322;20.172249;1626.5419;0.67198604;0.00063017017;0;-50.29;-6.43
0.10898114;0.6376328;-0.2661691;2.5664225e-05;9.752675;119.3305;0.029099029;2.7903811e-06;0;-51.26;-6.05
0.04952639;-1.4626743;0.29100582;0.0014971554;6.5463996;192.70102;0.09164399;0.088452555;0;-51.72;-6.54
0.10931508;0.18650776;0.109730035;0.0009821276;-1.8520081;94.721954;0.02004956;0.00018389044;0;-51.77;-6.84
0.24844779;0.62574285;-0.21759383;0.00064528274;4.163477;41.2482;0.014645838;0.00025401055;0;-50.76;-6.76
0.060620893;-0.922417;0.34371966;0.0006528657;0.98535156;58.748615;0.004083746;0.06645945;0;-51.58;-6.78
0.10436249;-0.8256426;-0.14219372;0.00025394268;-6.3368826;126.96673;0.012709453;0.0008860632;0;-52.31;-6.73
-0.024421385;9.443282;0.5580665;0.0013535265;2.8362355;157.06613;0.07192243;1.5267959e-05;0;-49.74;-6.39
0.3462478;0.43013752;0.31739223;0.002509509;-0.0149982935;131.62456;0.035102148;0.54156774;0;-51.52;-6.04
0.20673218;0.49777445;-0.49213007;0.0007133876;0.9618241;331.23038;0.03999418;7.8482706e-05;0;-49.64;-6.58
0.07080635;-0.8140207;0.14113979;0.00023308976;-2.1826162;77.9483;0.005849965;0.042041738;0;-51.38;-6.89
0.060096726;0.033778492;0.5574159;0.0012390058;9.900568;85.87146;0.0055659483;7.2993726e-06;0;-50.13;-6.92
0.10429371;-0.5172571;0.4371333;0.0018363472;2.1900957;102.55295;0.021523576;0.5225233;0;-51.48;-5.87
0.093592376;-0.9380588;0.09644714;0.00092192506;1.5462946;131.24722;0.084618784;0.9609844;0;-50.54;-5.79
0.033330176;-2.0796869;0.03828929;0.0005239562;-8.657686;66.30751;0.0059240614;0.00015776882;0;-49.85;-5.83
0.11578035;-0.6644825;-0.026952317;9.3117684e-05;-4.8864875;322.9557;0.02949875;6.618676e-05;0;-52.26;-5.81
0.01803365;-1.3738396;0.32421085;0.00027412802;0.4524537;31.268932;0.0058324095;7.5212336e-07;0;-50.05;-5.69
0.080820285;0.36438045;-0.40890056;0.0013321718;-0.33192614;283.4837;0.10715431;0.013649251;0;-51.87;-6.33
0.015786419;-1.6365105;0.20525292;0.00049040647;0.46724677;87.40463;0.020728303;0.00046062894;0;-50.22;-5.8
0.0028485036;-17.333033;-1.1103054;0.0023070665;10.641249;641.8754;0.6040879;0.008657959;0;-50.2;-6.04
0.013015328;-6.8952866;-0.84416497;0.00019788173;8.977985;97.68814;0.027880197;0.008896606;0;-52.15;-6.44
0.18008935;0.16362603;0.50992286;0.00025213955;1.6286927;80.48801;0.010873884;2.4342023e-06;0;-51.05;-5.82
0.13821407;0.86916107;0.055353332;0.00029275529;-6.2664456;73.66529;0.0035322045;3.6617777e-05;0;-50.38;-6.92
0.12707774;-0.019440066;-0.4224337;0.00048766282;-2.8264935;235.5075;0.012519921;0.007822811;0;-52.19;-5.9
0.048138388;-0.8063023;-0.31240588;0.0007134205;12.404378;179.89099;0.119099356;0.87095726;0;-51.74;-6.44
0.13805224;-0.33327302;0.31107482;0.00076151127;-1.9366373;73.65933;0.024017852;0.095620655;0;-50.88;-5.78
0.0177602;-2.282544;-0.75516486;0.0015479856;1.7249593;67.11995;0.017853111;0.000774843;0;-49.92;-5.65
0.13896213;0.6333678;-0.32964206;0.0008489157;11.829962;479.9004;0.14133883;0.00021380109;0;-50.12;-6.26
0.071023576;-0.1773453;0.4216112;0.0009626423;2.3904076;195.6421;0.023207275;3.1952208e-05;0;-52.35;-6.29
0.3537247;-0.85328573;0.24475056;0.00018689183;-2.850541;132.8809;0.0035727464;0.011469418;0;-52.2;-6.1
0.1141703;0.5450902;0.111857824;0.0007274612;12.158187;118.21214;0.018439095;2.2356225e-07;0;-50.6;-6.07
0.048777692;-0.35314825;0.033560526;0.0003579737;-1.8215379;75.83788;0.0076507246;0.018292438;0;-49.91;-6.67
0.012913143;-4.342216;-0.25212467;0.00046467525;-7.801306;116.63434;0.015028369;0.124473;0;-50.62;-5.61
0.1151235;0.4596476;-0.09479999;0.0017667176;-7.5759788;189.84915;0.02639283;3.671719e-05;0;-50.42;-5.97
0.011931298;-2.674283;-0.050599895;0.00031859917;1.262843;40.142323;0.0039588157;1.06129255e-05;0;-50.14;-5.72
0.08357419;0.51358265;-0.21690783;0.002416495;14.180272;193.8683;0.068714395;0.00011291253;0;-51.06;-6.58
0.031575777;-0.75431013;0.046173707;0.000487152;-7.6291976;16.83924;0.017842036;1.5350871e-06;0;-50.81;-5.67
0.030497361;-2.2165453;-0.054758158;0.001010178;2.0590684;234.48169;0.022367107;0.0008954548;0;-52.41;-6.93
0.036678568;-2.334441;-0.007380881;0.00034661597;5.3904586;147.53497;0.017901536;0.00081440626;0;-52.4;-6.11
0.044360854;-2.0742702;-0.95509636;0.0004768955;-5.9384995;294.49847;0.02765167;0.014053065;0;-50.18;-6.49
0.043658905;-2.1735826;-0.14814161;0.00048613752;-4.8351593;231.80385;0.02795167;0.71195793;0;-51.93;-5.71
0.119066276;0.2543724;0.012024255;0.0006606891;-5.4075522;426.07968;0.1586189;0.00011606435;0;-50.53;-6.55
0.093814366;-0.452752;0.21993715;0.00081854546;-1.6044222;105.316185;0.016236518;0.0025897794;0;-51.32;-5.79
0.12354383;0.3548554;0.40088585;0.0018621802;1.0017601;204.11235;0.027430551;3.9376578e-06;0;-50.08;-6.4
0.12112491;-0.5282289;-0.750185;0.00056050677;0.11443674;28.860983;0.012500638;0.041394256;0;-49.63;-6.2
0.14213799;0.47912666;0.16243184;0.0014308135;4.0064034;67.755585;0.03202051;0.0011750108;0;-50.01;-5.62
0.13623975;-0.2924611;0.22922495;0.00032140914;-5.4578776;43.168636;0.009836767;9.540627e-05;0;-51.86;-6.74
0.055829737;-0.7053444;-0.0072409185;0.0006760682;-4.2682533;633.03217;0.57543576;0.008859125;0;-50.88;-6.55
0.27847177;0.86173093;0.49297786;0.0003043206;-7.021817;74.47476;0.0060454533;0.00014616651;0;-50.35;-6.89
0.10288085;-0.3370197;0.18971851;0.0012056528;-7.900764;60.984985;0.0073947003;0.030141465;0;-51.69;-6.08
0.14293824;-0.063416764;-0.23931517;0.00011562862;-1.5897257;206.48172;0.0028788385;6.934909e-05;0;-52.29;-5.92
0.031200565;-7.4855657;0.058658376;0.0006011026;8.600762;119.595436;0.019061442;0.36472312;0;-51.71;-5.87
0.17015497;-0.26973757;0.048216905;0.00073517155;-3.5075195;67.515236;0.01988281;0.2827691;0;-51.03;-6.35
0.028023632;-2.874674;-0.006041578;0.00035509118;7.150311;86.39856;0.02337157;0.008232196;0;-52.11;-6.42
0.09577615;-0.6295539;0.010973176;0.0004000069;-8.598659;412.5432;0.06667866;0.1339336;0;-52.22;-5.74
0.057449736;-4.790185;0.36641595;0.00145476;4.6072297;64.2594;0.028499706;0.99389195;1;-51.52;-5.86
0.10324119;-0.003608116;0.25985348;0.0007619933;-7.8868027;70.30741;0.013169341;0.0013820851;0;-50.71;-6.15
0.032392055;0.047599405;-3.8694518;0.0006536929;-0.78291273;257.3685;0.041424785;3.1687603e-05;0;-51.9;-5.91
0.031632047;-1.9938203;0.03982385;0.00012948723;-2.9161794;272.6109;0.028505452;1.593928e-05;0;-52.33;-5.78
0.022919616;-1.080002;-0.24857137;0.00078994385;-6.011353;147.64575;0.054791443;0.0049632294;0;-50.62;-5.64
0.18989925;-0.100729294;0.3533593;0.0011921766;-1.4767479;333.91525;0.060002375;0.01033116;0;-50.51;-6.37
0.078295186;-2.8229828;0.25798464;0.00040958074;-6.0298085;97.957375;0.036275767;0.98812324;1;-51.16;-5.69
0.09464191;-0.082845956;-0.042267878;0.00041436483;-2.4030364;146.9697;0.06533974;0.63005596;0;-51.51;-6.31
0.08185016;-0.39988697;0.42784607;0.0011608093;4.66539;146.72449;0.010005781;0.0032729593;0;-51.87;-6.01
0.028300054;-0.20228426;-0.60198385;0.00066158694;-0.9085428;138.28307;0.044513077;0.016084392;0;-51.39;-6.3
0.046053626;-0.41118753;-0.24694124;0.0012796534;8.970336;129.22636;0.043617044;0.005654911;0;-51.65;-5.84
0.06282925;-1.268902;-0.31844333;0.0017506949;-0.46243742;82.11944;0.007974681;0.9964318;1;-51.73;-6.04
0.061133634;0.11381828;-0.49535224;0.00030702585;-0.1506014;143.44424;0.049993016;0.18509533;0;-51.46;-6.31
0.009785766;-5.8983483;-0.86524457;0.000504393;1.9421996;130.46556;0.0053099077;0.00016296963;0;-52.44;-5.96
0.12684311;0.10531499;0.2233454;0.0020233563;4.1855483;85.480156;0.017897325;0.0026807918;0;-51.62;-5.82
0.24809334;0.23258379;-0.022268375;0.001271617;1.5753593;617.75073;0.273991;0.007400261;0;-49.68;-6.26
0.07428399;0.12113784;-0.03279006;0.00021950385;0.7871327;77.53622;0.012181996;3.873687e-05;0;-49.9;-6.72
0.064369194;-0.32693106;0.1597561;0.00067807734;0.3368375;38.756954;0.012468421;0.00046618504;0;-49.71;-5.62
0.025842149;-0.7202871;0.17592482;0.00077355624;-2.2134151;38.68301;0.012641245;5.6682005e-05;0;-50.28;-5.73
0.047135048;0.07057162;0.34198678;0.00016583192;1.3835714;88.19857;0.01427203;4.766062e-06;0;-50.22;-6.83
0.061004676;-0.37204695;0.31036884;0.0003465451;-4.5134234;39.232582;0.007981118;4.307341e-06;0;-51.56;-6.55
0.34484687;0.5302764;0.293222;0.0002385747;1.1500144;150.80836;0.0088702245;0.00067051855;0;-52.08;-6.88
0.021135082;-7.52808;0.009920846;0.0014912846;4.1570387;349.4771;0.19821006;0.031356473;0;-51.88;-6.37
0.091217965;0.4766282;-0.026415147;0.00090861233;-3.2280743;137.1466;0.014765434;1.2685107e-05;0;-49.64;-6.9
0.31586316;0.4641019;0.4452002;0.001112241;-0.887686;107.3289;0.02341473;0.6761199;0;-51.41;-5.87
0.065307;-0.7016347;0.30658212;0.0011116419;-2.9017665;68.34494;0.0070628007;0.82600754;0;-51.56;-5.72
0.017272135;-3.5851998;-0.53354925;0.0002953312;4.6325703;109.92642;0.028791808;0.0010753927;0;-52.05;-6.32
0.06734544;0.1671914;-0.3405823;0.00056987477;-0.6010399;263.3626;0.07273898;0.0024088086;0;-52.05;-6.09
0.060173914;-0.16748862;0.13480036;0.00036574763;8.4273405;89.72715;0.016505385;0.00010487978;0;-50.99;-6.0
0.049400933;-0.6628989;-0.23234712;0.00037381717;-4.3559747;92.11404;0.031258322;0.019542012;0;-51.23;-5.7
0.13100988;-0.3550316;-0.37243634;0.00018482012;-4.3804455;181.72012;0.019498296;0.002711592;0;-52.15;-6.82
0.14065124;0.008537005;0.17804423;0.00189;9.734287;91.86261;0.01886229;0.7475907;0;-50.86;-6.02
0.07215331;-0.09186185;-0.24020907;0.0014274305;-2.290471;284.8605;0.06608697;0.3260465;0;-50.21;-6.52
0.14824393;0.22773989;-0.83882046;0.00062060705;0.9940805;117.04285;0.021108128;1.5596685e-05;0;-52.04;-6.7
0.123147584;-0.15351231;-0.49153608;0.0006409663;-5.4723873;73.36097;0.015837595;0.00036798223;0;-52.37;-6.69
0.09147925;-1.8728814;0.19974078;0.00013265821;-8.222302;98.44355;0.07010221;0.8802185;0;-50.79;-5.72
0.09000599;-0.023200575;0.034957584;0.00035942657;-10.41693;57.35023;0.035840686;0.00014374124;0;-51.43;-6.13
0.11816818;0.14931624;0.32360384;0.0007487775;-4.220653;145.2685;0.026023814;4.5022007e-05;0;-51.08;-6.26
0.07298234;-0.49147335;0.3270334;0.0005518296;13.112799;192.78368;0.04219553;0.0128628025;0;-51.47;-5.95
0.097505406;0.4481289;0.11306364;0.00082885474;-2.8550265;65.34052;0.026432477;0.00031458758;0;-50.94;-6.09
0.10618136;0.10142873;0.036699306;0.0007084987;-5.225083;11.109912;0.004033516;5.1463803e-06;0;-51.6;-6.62
0.26173192;0.2499168;0.18178216;0.0007701197;-5.3829346;168.5635;0.017338721;0.00036261338;0;-52.3;-6.8
0.2102268;0.19564655;0.430614;0.0021305592;-1.9536617;85.18574;0.010477037;0.52145314;0;-51.17;-5.95
0.050163228;-0.4840303;-1.808554;0.0011460766;9.165386;295.34726;0.12660103;0.14353186;0;-51.8;-6.48
0.06693654;-0.5159284;0.2153595;0.0007859018;-4.846315;63.357483;0.016010322;3.9997423e-05;0;-51.69;-6.24
0.17408173;0.22639175;-0.03802368;0.0017034638;-4.4334073;153.51498;0.027718;0.00013702459;0;-50.23;-6.24
0.021604089;-1.2260616;-0.010645071;0.00052430603;-4.103455;26.800688;0.009282717;1.548476e-05;0;-50.37;-5.65
0.034142967;-1.7491431;0.24333005;0.00030937424;2.4812887;73.766525;0.009076613;0.00019507486;0;-51.52;-6.8
0.12298381;0.5049242;0.23429932;0.0006012289;-2.1409903;167.12596;0.06948291;6.8449626e-05;0;-49.88;-6.44
0.04975754;0.2976237;-0.89093256;0.0017069725;8.078939;82.519066;0.0033226558;8.839399e-05;0;-50.13;-6.91
0.10975709;0.3179192;-0.21605153;0.0028103832;12.099223;1577.0936;0.72760767;0.0002587077;0;-50.33;-6.02
0.020109972;-2.2228293;-0.33907774;0.00085732056;2.2603004;23.2258;0.0045506544;0.00045023384;0;-50.1;-5.62
0.13483827;-1.3393977;0.1192044;0.00029971026;-2.3013918;90.60794;0.03351986;0.9777859;1;-51.86;-6.25
0.10118878;-0.22991233;-0.19893783;0.0009573677;1.8902246;231.72527;0.019081688;5.315171e-05;0;-52.35;-6.88
0.050943326;0.4910106;-2.4902496;0.0009923485;1.5680999;90.1509;0.018184435;1.6892489e-05;0;-52.43;-6.42
0.25715947;0.29634178;0.26055118;0.0005406543;-0.81507415;54.223034;0.0036138857;0.11221164;0;-51.37;-6.72
0.11676187;-0.21816245;0.24378529;0.00041939528;-2.7954123;200.58047;0.029129155;0.00062641;0;-52.1;-6.14
0.20554253;0.6532147;0.019932467;0.00060647755;4.730372;35.348717;0.0053040497;6.3907646e-05;0;-50.81;-6.82
0.18833649;0.625207;0.29567885;0.00027892218;-3.9423873;150.15608;0.02216282;6.4844294e-06;0;-50.21;-6.7
0.19136336;-0.042174;0.42952418;0.00019627353;-1.359154;184.3746;0.05431932;0.0034023067;0;-51.73;-6.28
0.26646364;0.4098472;0.4381437;0.0015197784;0.32695553;122.591354;0.012786025;0.10542526;0;-51.8;-5.7
0.100295596;-0.88743603;0.41591266;6.098653e-05;-2.7377648;70.84628;0.024966935;0.8673778;0;-51.96;-6.64
0.05640732;-0.38272503;0.28007507;0.00047984516;-0.10801287;23.825905;0.011716991;9.697179e-05;0;-50.29;-5.66
0.36892968;0.16001038;0.6912445;0.00079022115;-6.047085;193.76575;0.022997392;0.0005222246;0;-51.98;-6.01
0.008986016;-7.7426147;-0.9722599;0.00021029361;0.24693331;41.662876;0.009429341;3.6714984e-05;0;-50.09;-5.73
0.05889644;-0.7817005;0.09189577;0.00023406974;-0.3808796;76.56112;0.004740937;0.012664937;0;-51.65;-6.81
0.049843073;-0.48567072;-0.01918008;0.00083088427;-1.5751281;93.62344;0.012062284;0.09940307;0;-51.09;-5.78
0.15918466;0.10401313;0.23022611;0.0010108791;-0.9033502;154.6467;0.070380986;0.0012501773;0;-51.97;-6.51
0.08471809;-2.9231455;0.13439262;0.0015112219;0.09494681;170.8395;0.023629643;0.5670944;0;-52.32;-6.22
0.28423336;0.5429356;0.085590154;0.0013174902;0.8202671;80.693245;0.018727556;0.024778197;0;-51.75;-6.93
0.027339503;-2.964362;0.47985256;0.0005327116;-6.011007;55.04979;0.012467485;8.214494e-07;0;-49.77;-5.78
0.047595143;-0.84975827;0.2916563;0.0019159272;5.0859036;135.37982;0.06233652;0.13876636;0;-51.35;-5.93
0.022923471;-1.1242895;-0.05175974;0.00023344587;-3.4797928;26.434313;0.0040219286;3.7865923e-06;0;-49.93;-5.72
0.013179474;-6.0130353;-0.29535323;0.00039902687;-0.06961006;155.48645;0.014682618;0.009054656;0;-52.43;-5.93
0.077356696;0.24781814;-0.059584368;0.00043925655;0.1863877;152.99832;0.050033867;0.0010866062;0;-51.41;-6.31
0.2018805;0.60777426;-0.28532845;0.0011166781;-7.026799;328.17484;0.100855626;0.00077409425;0;-50.58;-6.53
0.15086333;0.11648826;-0.25664914;0.0003551036;-13.628204;48.734905;0.010809193;3.8908434e-05;0;-51.65;-6.15
0.040183067;-0.10554298;-0.19247276;0.0006907012;-1.722032;124.13015;0.03159013;7.729791e-06;0;-50.18;-5.82
0.09055222;-0.04516574;0.07885576;0.00015070867;-1.898341;75.16257;0.012269146;0.0067216074;0;-51.81;-6.1
0.07092334;-0.15845786;0.4941731;0.00040186892;-0.6668533;43.535652;0.0135421995;3.9477094e-05;0;-50.99;-5.64
0.048766043;-1.1506125;0.24817647;0.00078852667;-1.462928;65.42556;0.02910326;0.32896134;0;-51.02;-5.62
0.099130265;0.4124768;-0.03917853;0.0015410805;5.933492;45.330643;0.011073514;9.731964e-05;0;-50.92;-6.01
0.14359203;0.4616108;0.29484668;0.00092588016;3.0338185;138.66678;0.03240658;9.970816e-05;0;-49.72;-6.07
0.1455356;0.022811992;0.114632845;0.00042137722;-0.20942901;87.26424;0.008974203;0.008494926;0;-52.0;-6.75
0.4496255;0.2846093;0.2688991;0.0013150758;-7.506518;66.80693;0.008490591;0.00593524;0;-51.17;-6.82
0.3424728;0.6706961;0.2269696;0.0003156974;1.5928249;69.678635;0.013849067;0.72368646;0;-50.82;-6.77
0.12284517;0.6130024;0.3041537;0.0013344166;-1.3160055;122.889854;0.0056969407;1.1377347e-05;0;-49.71;-6.84
0.016547233;-0.42687783;-0.63604087;0.0022247308;2.7691348;405.19955;0.186675;0.0002624184;0;-50.57;-5.7
0.06903864;0.66048884;-0.28423294;0.00012219638;-4.5443373;68.4714;0.018403163;1.8498149e-05;0;-50.17;-6.73
0.33453238;0.3495318;0.0033946822;0.00042407398;-4.500423;31.869083;0.009113354;0.00040519933;0;-52.44;-6.64
0.15659691;0.68657035;-0.14279963;0.0013672137;0.9673508;131.68896;0.028712124;0.00011038053;0;-50.98;-6.61
0.10801903;0.41181758;0.11876896;0.0021541216;12.13209;45.19752;0.009151353;0.0014402055;0;-50.67;-5.98
0.077415;-0.5057956;0.20651479;0.0009554354;4.432032;55.924854;0.02624009;0.99881446;1;-51.65;-5.67
0.065507926;-0.71982247;0.012608019;0.0008690659;6.148069;142.3169;0.008421205;0.00012819753;0;-51.86;-6.0
0.059707325;0.043087833;0.3256599;0.0015487858;4.922939;113.98245;0.009355354;0.0001421514;0;-49.7;-6.91
0.049574208;-2.6054397;0.15798311;0.00055955566;6.8609776;541.48566;0.35411856;0.014840465;0;-52.05;-6.52
0.05998657;-1.3195077;0.48068726;0.00018180613;-4.9913793;48.506126;0.0068017575;1.8795363e-06;0;-51.9;-6.73
0.06269298;-0.20892651;-0.27659476;0.000989569;4.2230735;76.07517;0.0075565483;0.0019029478;0;-51.79;-6.03
0.033681326;-0.003909488;0.20225397;0.000216672;7.5833445;122.71012;0.06196178;0.0016727835;0;-49.94;-6.93
0.24425314;-0.18573935;0.3873657;0.00011620887;-2.3013442;155.9713;0.008084286;0.00011365064;0;-52.13;-6.22
0.16089371;0.17768016;0.26212206;0.003548023;9.722277;311.08923;0.21500038;0.009537375;0;-51.06;-6.52
0.31837624;-0.21909176;0.6141586;0.00020691886;-2.4246573;156.23561;0.0050059576;3.618083e-05;0;-52.1;-6.04
0.22646712;0.483302;0.2683471;0.00039593584;-0.34368935;386.76605;0.05906981;0.00055525574;0;-49.68;-6.58
0.13260603;0.5649542;-0.41916224;0.00030425517;-0.58411396;118.31853;0.029846136;9.020887e-05;0;-50.63;-6.62
0.04947541;0.22291252;0.3842509;0.0007809423;-1.8329313;71.55791;0.009979309;0.00057672884;0;-50.03;-6.72
0.22015902;0.43917695;0.035020456;0.00037740037;0.40418452;39.822144;0.0022485224;0.00017852135;0;-50.88;-6.92
0.19968113;0.55061436;0.47258404;0.00073404325;-3.976122;41.505188;0.0065259575;1.8404782e-05;0;-51.57;-6.51
0.025924873;-1.0287528;0.28550324;0.0003826548;-0.087253824;70.79502;0.025233295;0.00013920799;0;-50.21;-5.79
0.15141383;-0.39603797;0.52806103;0.00011892643;4.2857914;81.81457;0.015614778;4.8796228e-05;0;-51.99;-6.38
0.007636143;-8.74114;-1.5160106;0.00070269854;8.055646;1316.7504;0.5597548;0.0031471625;0;-49.9;-6.31
0.2508268;0.56140673;-0.01194282;0.00068222795;-7.441633;75.55964;0.0033829126;1.6755312e-05;0;-51.84;-6.93
0.07904949;0.4407911;0.3382621;0.00057008973;4.570383;112.55296;0.009392256;6.6757348e-06;0;-49.68;-6.93
0.09230255;0.10921064;-0.105820574;0.0017309813;-0.9797333;278.22253;0.05522438;1.9626286e-05;0;-50.56;-6.44
0.05361968;0.2803869;-0.2539439;0.00054238964;-3.4389825;224.97307;0.029676631;0.0038198957;0;-50.42;-6.61
0.38996422;0.37804142;0.61944187;0.0007718989;1.5745286;121.4831;0.067435496;0.99833965;1;-50.53;-5.79
0.0649288;0.69343394;-0.31183702;0.00037696565;-2.4148028;108.46542;0.0129335495;1.1262507e-05;0;-50.46;-6.76
0.07654736;-0.5006678;0.3789973;0.0012147622;-5.1398435;113.68022;0.04252172;0.039528422;0;-51.33;-6.32
0.014315003;-2.6930177;-0.020682614;0.00028387943;-2.9196908;82.31333;0.009724163;9.5171206e-05;0;-50.15;-5.82
0.28205264;-0.16452864;0.26222703;0.00080221397;0.16277207;86.451256;0.02978995;0.9803073;1;-52.29;-6.37
0.036552887;0.07796555;-0.0042487984;0.00039148203;-3.1416955;70.805374;0.011792472;0.0019790235;0;-49.91;-6.65
0.25675946;0.15478681;0.4795291;0.00025757414;-5.343284;92.29387;0.015173837;7.929078e-05;0;-51.2;-5.91
0.03948035;-0.5298694;0.3017882;0.00046175582;-1.3488486;43.6893;0.014557815;5.751606e-06;0;-49.76;-5.63
0.11220604;-0.73528033;0.60835636;0.0010203122;-2.4456058;112.741974;0.022746578;0.038615204;0;-51.74;-6.25
0.0400092;-0.5870536;-0.26951754;0.0006799435;5.373768;75.451096;0.020429077;0.0079921745;0;-52.06;-6.41
0.088953964;-0.14898838;0.34986785;0.00075491925;-2.2958434;33.484257;0.0075119766;0.000116543895;0;-49.71;-5.72
0.14248857;-0.11307589;0.4441803;0.0011996061;-0.7993088;110.65533;0.025556847;0.012142221;0;-51.42;-5.87
0.08471974;0.49266377;0.24569477;0.00046015534;-2.4952312;89.37316;0.0067780707;5.290372e-05;0;-50.01;-6.75
0.010867111;-7.2227426;0.45717978;0.00075949077;-3.1585433;62.713783;0.014118073;0.02557883;0;-50.27;-5.76
0.13542524;-0.9338065;0.051818397;0.0008915843;-3.602614;176.01273;0.014533464;0.00068332197;0;-52.28;-6.83
0.18007362;0.6497928;0.44543496;0.00052375713;6.8646607;304.20496;0.09100431;0.00022637674;0;-49.62;-6.46
0.07510611;-0.425989;-0.41568932;0.0005158187;4.540888;186.0296;0.014363363;0.0029607702;0;-52.41;-6.86
0.05643441;-0.9649786;0.37974578;0.00040991107;-7.1925044;13.148084;0.007833666;1.980602e-06;0;-51.63;-6.63
0.2900817;0.779849;0.22798277;0.00088343647;1.0377343;72.64621;0.0009627128;0.065003134;0;-50.61;-6.73
0.09675814;0.62107176;0.36594415;0.0010072814;5.015739;117.973305;0.015624633;4.6229875e-06;0;-49.86;-6.85
0.16823436;-1.7144362;0.38905752;0.0006229474;-0.6370442;130.67654;0.0318129;0.997783;1;-52.24;-6.32
0.06528775;-1.7307124;-0.29192305;4.988867e-05;-3.9545188;242.08154;0.12536392;0.9946701;1;-50.03;-5.9
0.11659925;0.019944046;0.30290708;0.00044034538;-2.903676;198.55336;0.03214214;5.4371692e-05;0;-51.91;-6.13
0.18966463;0.43220854;0.048301782;0.0002756962;2.9222565;43.456253;0.008298828;1.5183945e-05;0;-50.85;-6.87
0.17222437;0.1813774;0.27399087;0.0012842487;-0.6159272;36.9611;0.026616532;0.006371279;0;-51.65;-6.36
0.008147812;-5.33484;0.06625847;0.0017439009;5.9497805;608.663;0.17017484;0.0019299695;0;-50.16;-6.38
0.1516771;0.6773437;0.41261965;0.0016947864;13.973395;258.90088;0.12780823;0.00018178225;0;-49.82;-6.93
0.10385921;0.5070842;-0.09086882;0.000311569;-4.5463467;65.10149;0.01669052;7.1531676e-06;0;-50.15;-6.73
0.15976346;0.13772388;0.40053934;0.0004589881;-7.1006846;49.977478;0.013574939;0.0001105165;0;-51.76;-6.18
0.044782154;0.067564465;0.36180577;0.00096444815;0.20670536;47.29102;0.021901565;2.0724722e-06;0;-49.63;-5.75
0.123892605;0.3778461;0.22554475;0.0005422612;-1.7676562;166.92622;0.07202774;0.00012470841;0;-51.5;-6.32
0.06386009;-0.36605754;-0.16699995;0.0005437125;5.491523;386.97485;0.16840191;0.11173341;0;-50.58;-5.73
0.69971144;0.8836411;0.6472476;0.0004307355;-3.801774;69.55781;0.000985502;0.06568786;0;-50.14;-6.77
0.020351076;-1.2077801;-4.050799;0.0010732668;4.6151333;139.57066;0.0103615085;4.92388e-05;0;-52.33;-6.02
0.08974813;-0.3828766;0.24755876;0.00061901147;0.5843733;38.163006;0.017129514;0.008640811;0;-51.4;-6.65
0.03996104;-0.7685724;0.17170411;0.00020310926;7.5306883;115.96818;0.035152297;0.0046446426;0;-51.66;-5.63
0.051041625;-0.2766991;0.1925192;0.0021763241;6.874795;155.14368;0.052097645;0.00047612382;0;-51.41;-5.91
0.091625795;-0.69190544;-0.20649467;0.0005375835;-9.547618;417.1022;0.046266057;0.0884614;0;-52.18;-5.74
0.30986208;-0.4253481;0.45320803;0.0006751421;-0.2892352;126.444;0.03579619;0.9972083;1;-52.25;-6.33
0.18250547;0.73120445;-0.3017085;0.0003600377;-2.8269472;103.21182;0.013905615;1.5289188e-05;0;-50.62;-6.67
0.08666633;0.36218023;0.30030304;0.00023415386;-4.3308983;871.52167;0.549224;0.0001382227;0;-49.81;-6.47
0.120482184;-0.5669702;0.4805041;0.0017793636;6.1444783;66.287834;0.017916245;0.4225999;0;-51.61;-5.99
0.12355822;-0.017050814;0.03795657;0.0004665015;-0.8314847;80.55299;0.0143182855;0.015246625;0;-52.0;-6.77
0.3491404;0.7662167;0.31756717;0.0009852616;3.4602764;302.70367;0.16793011;0.0034292275;0;-50.99;-6.71
0.014261668;-2.876797;0.4786001;0.0014442236;8.452378;86.074936;0.04629391;8.1855294e-05;0;-49.9;-6.9
0.030327564;-0.040295556;-0.44573915;0.0007323974;2.54905;133.37297;0.030235311;6.7720764e-05;0;-52.04;-6.61
0.34900928;0.90508634;0.65821326;0.0006137015;-1.7950013;61.165203;0.013460689;0.033376653;0;-50.4;-6.84
0.028147055;-0.88013357;-0.574297;0.0010267311;-9.686745;188.56284;0.018232735;0.1877631;0;-50.33;-6.19
0.5181734;0.5197111;0.40059543;0.00079686113;-2.0553236;64.13318;0.016352259;0.73182195;0;-49.67;-6.14
0.06305541;0.29645413;-0.28313738;0.0010120957;12.700471;123.745895;0.024329606;4.0440395e-06;0;-49.77;-6.93
0.09087849;0.07068615;0.23274973;0.00072286004;-9.591451;60.98691;0.010165762;0.00013784798;0;-51.29;-6.26
0.44859734;0.14587401;0.12227155;0.00086632743;-3.7914636;119.7106;0.045502443;0.29891038;0;-49.69;-6.22
0.17864227;0.22971234;-0.14351565;0.0011869945;-0.03889868;174.50876;0.014403498;2.5148269e-05;0;-52.34;-6.83
0.05081504;-0.4696492;0.69315743;0.00052593154;-1.6200157;35.115097;0.0036922826;3.5030836e-05;0;-50.27;-5.69
0.050435346;-1.2675362;-0.24994576;0.0014800411;-2.3474948;295.1099;0.079229616;0.005365227;0;-49.99;-6.4
0.17664061;0.71423525;-0.52352846;0.0005852784;3.4052262;136.00302;0.0242847;4.4293276e-05;0;-49.67;-6.65
0.0043502017;-13.9641905;0.47192577;0.0002725308;0.8083948;172.4958;0.08988038;3.2039567e-05;0;-50.44;-5.79
0.14361319;-0.93742585;0.39044777;0.0016073459;-0.057273;110.653946;0.038950242;0.99964774;1;-49.74;-6.08
0.037564553;-0.021877335;-0.35860357;0.0004270114;-1.0901215;40.88955;0.019090813;1.3565937e-06;0;-51.39;-6.51
0.060948286;-0.9101626;-1.4703379;0.00027139176;-7.453507;78.68744;0.009900961;0.0043114973;0;-50.8;-6.32
0.18969823;0.3758995;0.2425293;0.0010747691;9.218028;151.44319;0.045306277;0.00024939678;0;-51.03;-6.13
0.06508954;-1.656217;0.25167137;0.0009911351;10.532721;114.25996;0.07210243;0.9977053;1;-51.55;-5.9
0.1831152;0.8131464;-0.48259246;0.0012984246;1.9030432;73.910446;0.0027061386;0.0038178656;0;-50.66;-6.71
0.015853472;-5.9913816;-0.30472782;0.00033835898;-1.9548725;19.82652;0.048384283;0.00085502554;0;-50.14;-5.95
0.121858664;0.32752427;0.24806869;0.0004453375;12.52456;1452.1238;0.7855475;7.197019e-05;0;-51.15;-6.11
0.12801924;-0.9580593;0.29729274;0.00068776717;-1.1779116;103.7686;0.0073298174;0.016418843;0;-51.72;-5.76
0.16285075;0.46540922;-0.0038343742;0.0011346729;-5.607593;91.04304;0.037487518;1.1241099e-05;0;-51.39;-6.09
0.20324965;0.3851676;-0.37295508;0.00030210562;4.7968025;66.028534;0.010186014;0.0003659401;0;-50.69;-6.74
0.53579056;0.8150264;0.33664227;0.0008936729;1.3658029;351.7493;0.2250981;0.0014573919;0;-50.94;-6.71
0.08787274;-0.79769653;0.11811522;0.00055784686;-3.518328;87.11022;0.028159903;0.9956793;1;-50.93;-5.75
0.008093985;-6.0112386;0.17931332;0.0007280597;7.6763864;181.49927;0.05555016;0.027563872;0;-49.67;-6.03
0.14518844;0.41252795;-0.08357414;0.00088752323;-1.3390412;120.5877;0.042102013;0.0045469534;0;-50.59;-5.9
0.095553614;-0.18618694;0.23057826;0.00024880614;-2.4777467;80.78544;0.018338684;7.4492265e-05;0;-51.64;-6.32
0.036207642;-0.87699586;0.087259136;0.0008381616;12.200527;291.7045;0.26286173;0.004861266;0;-51.45;-5.93
0.13865262;0.23119755;-0.4436072;0.0011722732;-2.5293198;163.16039;0.015686043;7.324227e-05;0;-52.35;-6.79
0.026532354;-3.3166564;-0.071894154;0.0009616941;-7.136125;115.21537;0.091564044;5.1753483e-05;0;-49.94;-6.01
0.28006646;0.66242075;0.4667168;0.00042786775;-7.414321;72.10434;0.010273377;0.0028194324;0;-50.89;-6.46
0.1716025;0.5410032;0.41985178;0.0016683884;6.3355403;101.09578;0.016714728;0.00011910317;0;-50.72;-6.05
0.12972866;0.14039563;0.32978764;0.001900963;2.9329336;94.98025;0.020584997;0.008297788;0;-51.49;-5.87
0.034181688;-1.0695338;0.3863316;0.00049083674;1.4790567;98.08197;0.012309888;0.0070180264;0;-51.58;-6.87
0.06634308;-0.480191;0.3592143;0.00085141486;-1.2343844;70.8058;0.0062164553;0.038154773;0;-51.63;-6.79
0.026904937;-5.537896;-0.28595397;0.0012944572;3.4679925;178.89569;0.012816016;0.049251646;0;-51.82;-5.89
0.08305111;-0.16931528;0.23212656;0.00033266292;2.3245;26.520023;0.0020638374;0.00058963324;0;-50.12;-5.65
0.41510075;0.60737026;0.34780625;0.0013349837;-1.0280346;88.97721;0.02464559;0.12725736;0;-51.3;-6.67
0.03985766;-0.7159029;0.37631473;0.0012435766;3.8262146;62.104355;0.05376269;0.07212773;0;-51.45;-6.57
0.0037627309;-1.7935287;-7.4258394;0.00073678576;-1.6132495;117.922646;0.06992644;0.0009771255;0;-51.85;-6.13
0.39471528;0.74971855;0.36722916;0.00014597764;-5.8937216;93.55331;0.015815126;0.00015507847;0;-50.5;-6.67
0.09882579;-0.72372216;-0.14475307;0.0008476607;-9.01593;295.2437;0.021909727;0.005708199;0;-51.99;-5.73
0.027973272;-0.7670349;0.0958961;0.00087843934;-4.744862;261.05188;0.07244439;0.0016137449;0;-50.54;-5.67
0.07308649;-0.28378937;-0.13708386;0.002138468;-2.7331173;257.49597;0.19596335;0.99281764;1;-49.77;-5.99
0.014435432;-3.0148175;-0.4326026;0.0011947053;10.433038;161.20027;0.025549017;5.810401e-05;0;-50.55;-6.18
0.020069806;-5.561234;-0.13383768;0.0008265249;-1.8483902;38.1396;0.007266786;9.661118e-05;0;-50.35;-5.61
0.47827294;0.8394938;0.760947;0.0004897745;-4.266917;53.73475;0.036531355;0.004726653;0;-50.96;-6.52
0.051514734;-0.4746409;0.2822794;0.00075916934;11.633449;408.46594;0.23205432;0.083583325;0;-51.05;-6.07
0.013611963;-3.658946;-0.26027587;0.0010003689;4.2596054;574.22736;0.16598706;0.00065013766;0;-50.16;-6.39
0.0599173;-0.3028965;0.32247743;0.0002970002;-1.8657042;29.357885;0.0045064334;6.3337234e-06;0;-49.99;-5.77
0.020638412;-2.0874565;-0.7744207;0.0012730317;2.252735;75.462036;0.027238004;0.007383953;0;-49.96;-5.63
0.06839844;0.037255127;-0.089018874;0.00022390792;-2.1628516;73.70574;0.010791634;8.8114e-05;0;-51.97;-6.75
0.2634786;0.4785203;0.59041035;0.00052502204;5.6282854;27.472452;0.030222263;0.017125377;0;-51.05;-6.83
0.20232636;0.68327594;-0.20803435;0.0008290304;-0.4213402;47.855045;0.0075277593;9.907901e-05;0;-51.16;-6.73
0.13416168;-2.3305874;0.028347816;0.0009797948;-1.7903962;60.243034;0.016347792;0.9974694;1;-49.86;-6.12
0.070118584;-1.0125599;0.4866923;0.00070040557;-0.3329098;52.981606;0.0039390544;0.028414968;0;-51.58;-6.75
0.036778275;-0.6649758;-0.13788709;0.00093063904;1.404003;43.02295;0.0238045;4.1572508e-05;0;-51.41;-6.64
0.10550847;0.71775264;-1.027132;0.0017224718;-3.84714;120.72089;0.007076309;0.00023958199;0;-49.73;-6.82
0.21933287;0.4716143;0.2379396;0.0015603316;-0.40919992;55.80967;0.012082667;0.0070499927;0;-51.12;-6.84
0.09628146;-0.7400176;0.33064464;0.0025679178;1.5610682;191.95247;0.0074518737;0.15283018;0;-52.07;-5.61
0.20352045;0.17700747;-0.52431214;0.00041513852;-3.9213183;59.626896;0.023798235;0.0028092794;0;-50.92;-6.08
0.40971622;0.89836997;0.45601478;0.0021084256;4.5207887;99.49789;0.008650901;0.0058691907;0;-50.2;-6.92
0.18388388;0.00927203;0.3250782;0.000698448;0.49855718;147.78989;0.019202912;6.0308645e-05;0;-52.04;-6.86
0.0901161;-0.97359425;0.40745044;0.0005743587;15.421444;644.39124;0.4432917;0.027968677;0;-51.45;-5.98
0.10449055;0.49199796;0.01856877;0.0014515043;-2.5583181;143.42249;0.019197071;5.616461e-05;0;-50.41;-6.12
0.028664937;-1.359106;-0.62384176;0.004263193;8.800852;153.91757;0.113594785;0.001200532;0;-50.19;-6.0
0.15641023;0.0025688696;-0.11792608;0.0009697086;0.34037176;79.15552;0.007330642;0.047815442;0;-52.11;-6.68
0.1292628;0.35561362;0.39424223;0.00038256275;-5.8242273;87.80031;0.053822003;0.0002104177;0;-50.07;-5.99
0.03983637;-2.265804;-0.11738613;8.472785e-05;-2.5311215;92.15949;0.016604392;0.07123263;0;-51.45;-5.65
0.22824517;-0.33806;-1.1750066;0.0003921526;1.4143492;63.328407;0.013674256;0.39294547;0;-49.62;-6.23
0.08472412;0.74731505;0.09242205;0.0010443123;3.3794782;108.98288;0.013066529;8.201178e-06;0;-49.96;-6.86
0.0017924454;-30.38161;-1.2988739;0.0011615361;6.3807673;2063.2383;1.5532084;0.01663371;0;-49.94;-6.33
0.13704215;0.5623838;0.0063471235;0.00090469845;-5.5626354;89.15132;0.031819724;4.928493e-06;0;-50.92;-6.12
0.17523399;0.43603212;0.33726725;0.0010030641;-1.1278527;43.199707;0.007823687;0.00045328095;0;-51.16;-6.74
0.10108219;0.082443394;0.12068379;0.0008851967;-2.9857085;176.7669;0.0178089;5.766088e-06;0;-52.04;-6.05
0.033619657;-1.9953939;-0.3188357;0.000839078;0.074912764;84.68015;0.023837596;0.7799977;0;-50.94;-5.9
-0.010416332;13.743798;-1.0850179;0.0025559112;2.1749873;167.12524;0.028726911;6.3055963e-06;0;-50.2;-5.97
0.1163462;-0.18931074;-0.16339564;0.00064562546;5.1851234;54.594677;0.051961116;0.18111792;0;-50.53;-6.28
0.046357222;-0.9301266;0.35304025;0.00062247855;-2.7812955;165.63983;0.019677632;0.0025709756;0;-49.84;-6.6
0.062326845;-2.6640968;-0.18114097;0.0012496632;-6.753253;68.7389;0.025860364;0.58215636;0;-50.81;-5.76
0.019924786;-2.6036785;-0.7669245;0.0008243949;-5.9969025;85.33016;0.028772559;0.0014566678;0;-50.53;-5.91
0.0376546;-0.22292486;0.0706855;0.0011106705;1.0925229;64.44045;0.0633702;0.00015723838;0;-51.32;-6.16
0.08371761;0.0972898;0.11354823;0.0011264913;-6.729319;44.704678;0.018879794;4.0129626e-06;0;-50.76;-6.38
0.008198075;-5.1486216;-0.009995936;0.00071090984;6.279164;244.474;0.28815496;0.44119662;0;-50.18;-6.07
0.26827922;0.8401939;0.61187196;0.00048504036;-0.9868359;114.18789;0.014998676;0.028458463;0;-50.48;-6.77
0.09715322;-0.40829355;0.43920812;0.0016884757;-4.78666;51.680233;0.0045663393;0.4067549;0;-51.78;-6.62
0.02704983;-2.6013346;0.23249392;0.00033595396;-4.1360254;247.5389;0.009746666;0.00032996864;0;-51.98;-5.93
0.054397598;-3.8928144;0.059669398;0.0008171427;3.6779885;122.4936;0.015710277;0.059324127;0;-52.43;-6.01
0.049077697;-2.0398262;0.23142019;0.002065351;3.6297357;317.90918;0.11763361;0.0490794;0;-50.37;-6.44
0.3228212;0.8304143;0.8336639;0.0003779642;-5.6192064;68.744;0.034854952;0.057875395;0;-49.9;-6.2
0.042281155;0.36309084;-0.38200486;3.8467897e-05;7.6414857;124.47024;0.058664843;0.0054696845;0;-49.93;-6.93
0.13792261;0.5929346;-0.009307585;0.00057558605;6.880906;87.8783;0.014987453;2.4450872e-05;0;-51.07;-6.65
0.1195083;-0.24527419;0.2998698;0.0005885432;-8.231262;75.49124;0.0050103944;4.2111496e-05;0;-51.43;-5.73
0.07923378;-1.0996007;-0.28354287;0.0010204058;-5.762929;74.81912;0.010468886;0.043075494;0;-51.67;-6.06
0.058334522;0.1855898;-0.11896096;0.00080936815;3.1832929;54.03363;0.010736405;0.00013176829;0;-51.32;-6.52
0.041930694;-0.53142893;0.29150063;0.0011410256;3.2810454;44.696312;0.044566505;0.0008558211;0;-51.44;-6.56
0.026114767;-1.8579218;0.32582295;0.0011197004;-2.4874907;36.26792;0.014951169;7.742621e-06;0;-51.61;-6.53
0.16941902;-0.15058729;0.1995047;0.00078764523;-1.9834412;143.91473;0.06715139;0.91639125;0;-51.96;-6.5
0.105489746;-0.16371742;0.3570599;0.0010130418;7.5738773;45.19927;0.026445024;0.008136872;0;-51.56;-5.86
0.07814097;-1.0624665;0.40219414;0.0008833958;-5.4744644;83.068245;0.01570138;0.18449995;0;-51.42;-5.69
0.20535082;0.0049677417;-0.6049068;0.00043200338;-8.151949;216.9359;0.027415738;0.12762406;0;-50.12;-6.48
0.041914765;0.328544;0.25853768;0.00083242;-0.8315875;77.63524;0.0029158008;5.696476e-07;0;-49.84;-6.75
0.3022021;0.82674;0.49632013;0.0022055502;1.0333345;122.51617;0.0053114723;0.0049468074;0;-49.73;-6.84
0.13930754;0.012255291;-0.34683526;0.00020897429;-3.6837091;264.0906;0.017842535;0.00092032057;0;-52.27;-5.84
0.10489926;0.58639544;0.31290275;0.00031922627;-3.2674131;99.353134;0.009384427;7.1550303e-06;0;-50.04;-6.79
0.032751862;-2.1073923;-0.05905356;0.0007776559;10.781507;26.42718;0.026761597;0.00027458763;0;-51.38;-5.98
0.14535153;-0.22035393;0.5658603;0.000768105;-0.5941429;68.89873;0.013501045;0.082997926;0;-51.32;-6.67
